team_year,year,team,conference,logo,bpi,kenpom,miya,torvik
2024 Abilene Christian,2024,Abilene Christian,WAC,,Abilene Christian Wildcats,Abilene Christian,Abilene Christian,Abilene Christian
2024 Air Force,2024,Air Force,MWC,,Air Force Falcons,Air Force,Air Force,Air Force
2024 Akron,2024,Akron,MAC,,Akron Zips,Akron,Akron,Akron
2024 Alabama A&M,2024,Alabama A&M,SWAC,,Alabama A&M Bulldogs,Alabama A&M,Alabama A&M,Alabama A&M
2024 Alabama,2024,Alabama,SEC,,Alabama Crimson Tide,Alabama,Alabama,Alabama
2024 Alabama St.,2024,Alabama St.,SWAC,,Alabama State Hornets,Alabama St.,Alabama State,Alabama St.
2024 Alcorn St.,2024,Alcorn St.,SWAC,,Alcorn State Braves,Alcorn St.,Alcorn State,Alcorn St.
2024 American,2024,American,Patriot,,American University Eagles,American,American,American
2024 Appalachian St.,2024,Appalachian St.,Sun Belt,,Appalachian State Mountaineers,Appalachian St.,Appalachian State,Appalachian St.
2024 Arizona St.,2024,Arizona St.,Pac 12,,Arizona State Sun Devils,Arizona St.,Arizona State,Arizona St.
2024 Arizona,2024,Arizona,Pac 12,,Arizona Wildcats,Arizona,Arizona,Arizona
2024 Arkansas,2024,Arkansas,SEC,,Arkansas Razorbacks,Arkansas,Arkansas,Arkansas
2024 Arkansas St.,2024,Arkansas St.,Sun Belt,,Arkansas State Red Wolves,Arkansas St.,Arkansas State,Arkansas St.
2024 Arkansas Pine Bluff,2024,Arkansas Pine Bluff,SWAC,,Arkansas-Pine Bluff Golden Lions,Arkansas Pine Bluff,Arkansas-Pine Bluff,Arkansas Pine Bluff
2024 Army,2024,Army,Patriot,,Army Black Knights,Army,Army,Army
2024 Auburn,2024,Auburn,SEC,,Auburn Tigers,Auburn,Auburn,Auburn
2024 Austin Peay,2024,Austin Peay,ASUN,,Austin Peay Governors,Austin Peay,Austin Peay,Austin Peay
2024 Ball St.,2024,Ball St.,MAC,,Ball State Cardinals,Ball St.,Ball State,Ball St.
2024 Baylor,2024,Baylor,Big 12,,Baylor Bears,Baylor,Baylor,Baylor
2024 Bellarmine,2024,Bellarmine,ASUN,,Bellarmine Knights,Bellarmine,Bellarmine,Bellarmine
2024 Belmont,2024,Belmont,MVC,,Belmont Bruins,Belmont,Belmont,Belmont
2024 Bethune Cookman,2024,Bethune Cookman,SWAC,,Bethune-Cookman Wildcats,Bethune Cookman,Bethune-Cookman,Bethune Cookman
2024 Binghamton,2024,Binghamton,America East,,Binghamton Bearcats,Binghamton,Binghamton,Binghamton
2024 Boise St.,2024,Boise St.,MWC,,Boise State Broncos,Boise St.,Boise State,Boise St.
2024 Boston College,2024,Boston College,ACC,,Boston College Eagles,Boston College,Boston College,Boston College
2024 Boston University,2024,Boston University,Patriot,,Boston University Terriers,Boston University,Boston University,Boston University
2024 Bowling Green,2024,Bowling Green,MAC,,Bowling Green Falcons,Bowling Green,Bowling Green,Bowling Green
2024 Bradley,2024,Bradley,MVC,,Bradley Braves,Bradley,Bradley,Bradley
2024 Brown,2024,Brown,Ivy,,Brown Bears,Brown,Brown,Brown
2024 Bryant,2024,Bryant,America East,,Bryant Bulldogs,Bryant,Bryant,Bryant
2024 Bucknell,2024,Bucknell,Patriot,,Bucknell Bison,Bucknell,Bucknell,Bucknell
2024 Buffalo,2024,Buffalo,MAC,,Buffalo Bulls,Buffalo,Buffalo,Buffalo
2024 Butler,2024,Butler,Big East,,Butler Bulldogs,Butler,Butler,Butler
2024 BYU,2024,BYU,Big 12,,BYU Cougars,BYU,BYU,BYU
2024 Cal Poly,2024,Cal Poly,Big West,,Cal Poly Mustangs,Cal Poly,Cal Poly,Cal Poly
2024 Cal St. Bakersfield,2024,Cal St. Bakersfield,Big West,,Cal State Bakersfield Roadrunners,Cal St. Bakersfield,Cal State Bakersfield,Cal St. Bakersfield
2024 Cal St. Fullerton,2024,Cal St. Fullerton,Big West,,Cal State Fullerton Titans,Cal St. Fullerton,Cal State Fullerton,Cal St. Fullerton
2024 Cal St. Northridge,2024,Cal St. Northridge,Big West,,Cal State Northridge Matadors,Cal St. Northridge,Cal State Northridge,Cal St. Northridge
2024 Cal Baptist,2024,Cal Baptist,WAC,,California Baptist Lancers,Cal Baptist,California Baptist,Cal Baptist
2024 California,2024,California,Pac 12,,California Golden Bears,California,California,California
2024 Campbell,2024,Campbell,CAA,,Campbell Fighting Camels,Campbell,Campbell,Campbell
2024 Canisius,2024,Canisius,MAAC,,Canisius Golden Griffins,Canisius,Canisius,Canisius
2024 Central Arkansas,2024,Central Arkansas,ASUN,,Central Arkansas Bears,Central Arkansas,Central Arkansas,Central Arkansas
2024 Central Connecticut,2024,Central Connecticut,NEC,,Central Connecticut Blue Devils,Central Connecticut,Central Connecticut,Central Connecticut
2024 Central Michigan,2024,Central Michigan,MAC,,Central Michigan Chippewas,Central Michigan,Central Michigan,Central Michigan
2024 Charleston,2024,Charleston,CAA,,Charleston Cougars,Charleston,College of Charleston,College of Charleston
2024 Charleston Southern,2024,Charleston Southern,Big South,,Charleston Southern Buccaneers,Charleston Southern,Charleston Southern,Charleston Southern
2024 Charlotte,2024,Charlotte,AAC,,Charlotte 49ers,Charlotte,Charlotte,Charlotte
2024 Chattanooga,2024,Chattanooga,Southern,,Chattanooga Mocs,Chattanooga,Chattanooga,Chattanooga
2024 Chicago St.,2024,Chicago St.,Independent,,Chicago State Cougars,Chicago St.,Chicago State,Chicago St.
2024 Cincinnati,2024,Cincinnati,Big 12,,Cincinnati Bearcats,Cincinnati,Cincinnati,Cincinnati
2024 Clemson,2024,Clemson,ACC,,Clemson Tigers,Clemson,Clemson,Clemson
2024 Cleveland St.,2024,Cleveland St.,Horizon,,Cleveland State Vikings,Cleveland St.,Cleveland State,Cleveland St.
2024 Coastal Carolina,2024,Coastal Carolina,Sun Belt,,Coastal Carolina Chanticleers,Coastal Carolina,Coastal Carolina,Coastal Carolina
2024 Colgate,2024,Colgate,Patriot,,Colgate Raiders,Colgate,Colgate,Colgate
2024 Colorado,2024,Colorado,Pac 12,,Colorado Buffaloes,Colorado,Colorado,Colorado
2024 Colorado St.,2024,Colorado St.,MWC,,Colorado State Rams,Colorado St.,Colorado State,Colorado St.
2024 Columbia,2024,Columbia,Ivy,,Columbia Lions,Columbia,Columbia,Columbia
2024 Coppin St.,2024,Coppin St.,MEAC,,Coppin State Eagles,Coppin St.,Coppin State,Coppin St.
2024 Cornell,2024,Cornell,Ivy,,Cornell Big Red,Cornell,Cornell,Cornell
2024 Creighton,2024,Creighton,Big East,,Creighton Bluejays,Creighton,Creighton,Creighton
2024 Dartmouth,2024,Dartmouth,Ivy,,Dartmouth Big Green,Dartmouth,Dartmouth,Dartmouth
2024 Davidson,2024,Davidson,A10,,Davidson Wildcats,Davidson,Davidson,Davidson
2024 Dayton,2024,Dayton,A10,,Dayton Flyers,Dayton,Dayton,Dayton
2024 Delaware,2024,Delaware,CAA,,Delaware Blue Hens,Delaware,Delaware,Delaware
2024 Delaware St.,2024,Delaware St.,MEAC,,Delaware State Hornets,Delaware St.,Delaware State,Delaware St.
2024 Denver,2024,Denver,Summit,,Denver Pioneers,Denver,Denver,Denver
2024 DePaul,2024,DePaul,Big East,,DePaul Blue Demons,DePaul,DePaul,DePaul
2024 Detroit Mercy,2024,Detroit Mercy,Horizon,,Detroit Mercy Titans,Detroit Mercy,Detroit,Detroit
2024 Drake,2024,Drake,MVC,,Drake Bulldogs,Drake,Drake,Drake
2024 Drexel,2024,Drexel,CAA,,Drexel Dragons,Drexel,Drexel,Drexel
2024 Duke,2024,Duke,ACC,,Duke Blue Devils,Duke,Duke,Duke
2024 Duquesne,2024,Duquesne,A10,,Duquesne Dukes,Duquesne,Duquesne,Duquesne
2024 East Carolina,2024,East Carolina,AAC,,East Carolina Pirates,East Carolina,East Carolina,East Carolina
2024 East Tennessee St.,2024,East Tennessee St.,Southern,,East Tennessee State Buccaneers,East Tennessee St.,East Tennessee State,East Tennessee St.
2024 Eastern Illinois,2024,Eastern Illinois,OVC,,Eastern Illinois Panthers,Eastern Illinois,Eastern Illinois,Eastern Illinois
2024 Eastern Kentucky,2024,Eastern Kentucky,ASUN,,Eastern Kentucky Colonels,Eastern Kentucky,Eastern Kentucky,Eastern Kentucky
2024 Eastern Michigan,2024,Eastern Michigan,MAC,,Eastern Michigan Eagles,Eastern Michigan,Eastern Michigan,Eastern Michigan
2024 Eastern Washington,2024,Eastern Washington,Big Sky,,Eastern Washington Eagles,Eastern Washington,Eastern Washington,Eastern Washington
2024 Elon,2024,Elon,CAA,,Elon Phoenix,Elon,Elon,Elon
2024 Evansville,2024,Evansville,MVC,,Evansville Purple Aces,Evansville,Evansville,Evansville
2024 Fairfield,2024,Fairfield,MAAC,,Fairfield Stags,Fairfield,Fairfield,Fairfield
2024 Fairleigh Dickinson,2024,Fairleigh Dickinson,NEC,,Fairleigh Dickinson Knights,Fairleigh Dickinson,Fairleigh Dickinson,Fairleigh Dickinson
2024 Florida A&M,2024,Florida A&M,SWAC,,Florida A&M Rattlers,Florida A&M,Florida A&M,Florida A&M
2024 Florida Atlantic,2024,Florida Atlantic,AAC,,Florida Atlantic Owls,Florida Atlantic,Florida Atlantic,Florida Atlantic
2024 Florida,2024,Florida,SEC,,Florida Gators,Florida,Florida,Florida
2024 Florida Gulf Coast,2024,Florida Gulf Coast,ASUN,,Florida Gulf Coast Eagles,Florida Gulf Coast,Florida Gulf Coast,Florida Gulf Coast
2024 FIU,2024,FIU,CUSA,,Florida International Panthers,FIU,Florida International,FIU
2024 Florida St.,2024,Florida St.,ACC,,Florida State Seminoles,Florida St.,Florida State,Florida St.
2024 Fordham,2024,Fordham,A10,,Fordham Rams,Fordham,Fordham,Fordham
2024 Fresno St.,2024,Fresno St.,MWC,,Fresno State Bulldogs,Fresno St.,Fresno State,Fresno St.
2024 Furman,2024,Furman,Southern,,Furman Paladins,Furman,Furman,Furman
2024 Gardner Webb,2024,Gardner Webb,Big South,,Gardner-Webb Runnin' Bulldogs,Gardner Webb,Gardner-Webb,Gardner Webb
2024 George Mason,2024,George Mason,A10,,George Mason Patriots,George Mason,George Mason,George Mason
2024 George Washington,2024,George Washington,A10,,George Washington Revolutionaries,George Washington,George Washington,George Washington
2024 Georgetown,2024,Georgetown,Big East,,Georgetown Hoyas,Georgetown,Georgetown,Georgetown
2024 Georgia,2024,Georgia,SEC,,Georgia Bulldogs,Georgia,Georgia,Georgia
2024 Georgia Southern,2024,Georgia Southern,Sun Belt,,Georgia Southern Eagles,Georgia Southern,Georgia Southern,Georgia Southern
2024 Georgia St.,2024,Georgia St.,Sun Belt,,Georgia State Panthers,Georgia St.,Georgia State,Georgia St.
2024 Georgia Tech,2024,Georgia Tech,ACC,,Georgia Tech Yellow Jackets,Georgia Tech,Georgia Tech,Georgia Tech
2024 Gonzaga,2024,Gonzaga,WCC,,Gonzaga Bulldogs,Gonzaga,Gonzaga,Gonzaga
2024 Grambling St.,2024,Grambling St.,SWAC,,Grambling Tigers,Grambling St.,Grambling,Grambling St.
2024 Grand Canyon,2024,Grand Canyon,WAC,,Grand Canyon Lopes,Grand Canyon,Grand Canyon,Grand Canyon
2024 Green Bay,2024,Green Bay,Horizon,,Green Bay Phoenix,Green Bay,Green Bay,Green Bay
2024 Hampton,2024,Hampton,CAA,,Hampton Pirates,Hampton,Hampton,Hampton
2024 Harvard,2024,Harvard,Ivy,,Harvard Crimson,Harvard,Harvard,Harvard
2024 Hawaii,2024,Hawaii,Big West,,Hawai'i Rainbow Warriors,Hawaii,Hawaii,Hawaii
2024 High Point,2024,High Point,Big South,,High Point Panthers,High Point,High Point,High Point
2024 Hofstra,2024,Hofstra,CAA,,Hofstra Pride,Hofstra,Hofstra,Hofstra
2024 Holy Cross,2024,Holy Cross,Patriot,,Holy Cross Crusaders,Holy Cross,Holy Cross,Holy Cross
2024 Houston Christian,2024,Houston Christian,Southland,,Houston Christian Huskies,Houston Christian,Houston Christian,Houston Christian
2024 Houston,2024,Houston,Big 12,,Houston Cougars,Houston,Houston,Houston
2024 Howard,2024,Howard,MEAC,,Howard Bison,Howard,Howard,Howard
2024 Idaho St.,2024,Idaho St.,Big Sky,,Idaho State Bengals,Idaho St.,Idaho State,Idaho St.
2024 Idaho,2024,Idaho,Big Sky,,Idaho Vandals,Idaho,Idaho,Idaho
2024 Illinois,2024,Illinois,Big 10,,Illinois Fighting Illini,Illinois,Illinois,Illinois
2024 Illinois St.,2024,Illinois St.,MVC,,Illinois State Redbirds,Illinois St.,Illinois State,Illinois St.
2024 Incarnate Word,2024,Incarnate Word,Southland,,Incarnate Word Cardinals,Incarnate Word,Incarnate Word,Incarnate Word
2024 Indiana,2024,Indiana,Big 10,,Indiana Hoosiers,Indiana,Indiana,Indiana
2024 Indiana St.,2024,Indiana St.,MVC,,Indiana State Sycamores,Indiana St.,Indiana State,Indiana St.
2024 Iona,2024,Iona,MAAC,,Iona Gaels,Iona,Iona,Iona
2024 Iowa,2024,Iowa,Big 10,,Iowa Hawkeyes,Iowa,Iowa,Iowa
2024 Iowa St.,2024,Iowa St.,Big 12,,Iowa State Cyclones,Iowa St.,Iowa State,Iowa St.
2024 IUPUI,2024,IUPUI,Horizon,,IUPUI Jaguars,IUPUI,IUPUI,IUPUI
2024 Jackson St.,2024,Jackson St.,SWAC,,Jackson State Tigers,Jackson St.,Jackson State,Jackson St.
2024 Jacksonville,2024,Jacksonville,ASUN,,Jacksonville Dolphins,Jacksonville,Jacksonville,Jacksonville
2024 Jacksonville St.,2024,Jacksonville St.,CUSA,,Jacksonville State Gamecocks,Jacksonville St.,Jacksonville State,Jacksonville St.
2024 James Madison,2024,James Madison,Sun Belt,,James Madison Dukes,James Madison,James Madison,James Madison
2024 UMKC,2024,UMKC,Summit,,Kansas City Roos,UMKC,Missouri-Kansas City,UMKC
2024 Kansas,2024,Kansas,Big 12,,Kansas Jayhawks,Kansas,Kansas,Kansas
2024 Kansas St.,2024,Kansas St.,Big 12,,Kansas State Wildcats,Kansas St.,Kansas State,Kansas St.
2024 Kennesaw St.,2024,Kennesaw St.,ASUN,,Kennesaw State Owls,Kennesaw St.,Kennesaw State,Kennesaw St.
2024 Kent St.,2024,Kent St.,MAC,,Kent State Golden Flashes,Kent St.,Kent State,Kent St.
2024 Kentucky,2024,Kentucky,SEC,,Kentucky Wildcats,Kentucky,Kentucky,Kentucky
2024 La Salle,2024,La Salle,A10,,La Salle Explorers,La Salle,La Salle,La Salle
2024 Lafayette,2024,Lafayette,Patriot,,Lafayette Leopards,Lafayette,Lafayette,Lafayette
2024 Lamar,2024,Lamar,Southland,,Lamar Cardinals,Lamar,Lamar,Lamar
2024 Lehigh,2024,Lehigh,Patriot,,Lehigh Mountain Hawks,Lehigh,Lehigh,Lehigh
2024 Liberty,2024,Liberty,CUSA,,Liberty Flames,Liberty,Liberty,Liberty
2024 Lindenwood,2024,Lindenwood,OVC,,Lindenwood Lions,Lindenwood,Lindenwood,Lindenwood
2024 Lipscomb,2024,Lipscomb,ASUN,,Lipscomb Bisons,Lipscomb,Lipscomb,Lipscomb
2024 Little Rock,2024,Little Rock,OVC,,Little Rock Trojans,Little Rock,Arkansas-Little Rock,Little Rock
2024 Long Beach St.,2024,Long Beach St.,Big West,,Long Beach State Beach,Long Beach St.,Long Beach State,Long Beach St.
2024 LIU,2024,LIU,NEC,,Long Island University Sharks,LIU,Long Island,LIU Brooklyn
2024 Longwood,2024,Longwood,Big South,,Longwood Lancers,Longwood,Longwood,Longwood
2024 Louisiana,2024,Louisiana,Sun Belt,,Louisiana Ragin' Cajuns,Louisiana,Louisiana-Lafayette,Louisiana Lafayette
2024 Louisiana Tech,2024,Louisiana Tech,CUSA,,Louisiana Tech Bulldogs,Louisiana Tech,Louisiana Tech,Louisiana Tech
2024 Louisville,2024,Louisville,ACC,,Louisville Cardinals,Louisville,Louisville,Louisville
2024 Loyola Chicago,2024,Loyola Chicago,A10,,Loyola Chicago Ramblers,Loyola Chicago,Loyola Chicago,Loyola Chicago
2024 Loyola MD,2024,Loyola MD,Patriot,,Loyola Maryland Greyhounds,Loyola MD,Loyola Maryland,Loyola MD
2024 Loyola Marymount,2024,Loyola Marymount,WCC,,Loyola Marymount Lions,Loyola Marymount,Loyola Marymount,Loyola Marymount
2024 LSU,2024,LSU,SEC,,LSU Tigers,LSU,LSU,LSU
2024 Maine,2024,Maine,America East,,Maine Black Bears,Maine,Maine,Maine
2024 Manhattan,2024,Manhattan,MAAC,,Manhattan Jaspers,Manhattan,Manhattan,Manhattan
2024 Marist,2024,Marist,MAAC,,Marist Red Foxes,Marist,Marist,Marist
2024 Marquette,2024,Marquette,Big East,,Marquette Golden Eagles,Marquette,Marquette,Marquette
2024 Marshall,2024,Marshall,Sun Belt,,Marshall Thundering Herd,Marshall,Marshall,Marshall
2024 Maryland,2024,Maryland,Big 10,,Maryland Terrapins,Maryland,Maryland,Maryland
2024 Maryland Eastern Shore,2024,Maryland Eastern Shore,MEAC,,Maryland-Eastern Shore Hawks,Maryland Eastern Shore,Maryland-Eastern Shore,Maryland Eastern Shore
2024 Massachusetts,2024,Massachusetts,A10,,Massachusetts Minutemen,Massachusetts,Massachusetts,Massachusetts
2024 McNeese St.,2024,McNeese St.,Southland,,McNeese Cowboys,McNeese St.,McNeese State,McNeese St.
2024 Memphis,2024,Memphis,AAC,,Memphis Tigers,Memphis,Memphis,Memphis
2024 Mercer,2024,Mercer,Southern,,Mercer Bears,Mercer,Mercer,Mercer
2024 Merrimack,2024,Merrimack,NEC,,Merrimack Warriors,Merrimack,Merrimack,Merrimack
2024 Miami OH,2024,Miami OH,MAC,,Miami (OH) RedHawks,Miami OH,Miami (Ohio),Miami OH
2024 Miami FL,2024,Miami FL,ACC,,Miami Hurricanes,Miami FL,Miami (Fla.),Miami FL
2024 Michigan St.,2024,Michigan St.,Big 10,,Michigan State Spartans,Michigan St.,Michigan State,Michigan St.
2024 Michigan,2024,Michigan,Big 10,,Michigan Wolverines,Michigan,Michigan,Michigan
2024 Middle Tennessee,2024,Middle Tennessee,CUSA,,Middle Tennessee Blue Raiders,Middle Tennessee,Middle Tennessee,Middle Tennessee
2024 Milwaukee,2024,Milwaukee,Horizon,,Milwaukee Panthers,Milwaukee,Milwaukee,Milwaukee
2024 Minnesota,2024,Minnesota,Big 10,,Minnesota Golden Gophers,Minnesota,Minnesota,Minnesota
2024 Mississippi St.,2024,Mississippi St.,SEC,,Mississippi State Bulldogs,Mississippi St.,Mississippi State,Mississippi St.
2024 Mississippi Valley St.,2024,Mississippi Valley St.,SWAC,,Mississippi Valley State Delta Devils,Mississippi Valley St.,Mississippi Valley State,Mississippi Valley St.
2024 Missouri St.,2024,Missouri St.,MVC,,Missouri State Bears,Missouri St.,Missouri State,Missouri St.
2024 Missouri,2024,Missouri,SEC,,Missouri Tigers,Missouri,Missouri,Missouri
2024 Monmouth,2024,Monmouth,CAA,,Monmouth Hawks,Monmouth,Monmouth,Monmouth
2024 Montana,2024,Montana,Big Sky,,Montana Grizzlies,Montana,Montana,Montana
2024 Montana St.,2024,Montana St.,Big Sky,,Montana State Bobcats,Montana St.,Montana State,Montana St.
2024 Morehead St.,2024,Morehead St.,OVC,,Morehead State Eagles,Morehead St.,Morehead State,Morehead St.
2024 Morgan St.,2024,Morgan St.,MEAC,,Morgan State Bears,Morgan St.,Morgan State,Morgan St.
2024 Mount St. Mary's,2024,Mount St. Mary's,MAAC,,Mount St. Mary's Mountaineers,Mount St. Mary's,Mount St. Mary's,Mount St. Mary's
2024 Murray St.,2024,Murray St.,MVC,,Murray State Racers,Murray St.,Murray State,Murray St.
2024 Navy,2024,Navy,Patriot,,Navy Midshipmen,Navy,Navy,Navy
2024 NC St.,2024,NC St.,ACC,,NC State Wolfpack,N.C. State,NC State,North Carolina St.
2024 Nebraska,2024,Nebraska,Big 10,,Nebraska Cornhuskers,Nebraska,Nebraska,Nebraska
2024 Nevada,2024,Nevada,MWC,,Nevada Wolf Pack,Nevada,Nevada,Nevada
2024 New Hampshire,2024,New Hampshire,America East,,New Hampshire Wildcats,New Hampshire,New Hampshire,New Hampshire
2024 New Mexico,2024,New Mexico,MWC,,New Mexico Lobos,New Mexico,New Mexico,New Mexico
2024 New Mexico St.,2024,New Mexico St.,CUSA,,New Mexico State Aggies,New Mexico St.,New Mexico State,New Mexico St.
2024 New Orleans,2024,New Orleans,Southland,,New Orleans Privateers,New Orleans,New Orleans,New Orleans
2024 Niagara,2024,Niagara,MAAC,,Niagara Purple Eagles,Niagara,Niagara,Niagara
2024 Nicholls St.,2024,Nicholls St.,Southland,,Nicholls Colonels,Nicholls St.,Nicholls State,Nicholls St.
2024 NJIT,2024,NJIT,America East,,NJIT Highlanders,NJIT,NJIT,NJIT
2024 Norfolk St.,2024,Norfolk St.,MEAC,,Norfolk State Spartans,Norfolk St.,Norfolk State,Norfolk St.
2024 North Alabama,2024,North Alabama,ASUN,,North Alabama Lions,North Alabama,North Alabama,North Alabama
2024 North Carolina A&T,2024,North Carolina A&T,CAA,,North Carolina A&T Aggies,North Carolina A&T,North Carolina A&T,North Carolina A&T
2024 North Carolina Central,2024,North Carolina Central,MEAC,,North Carolina Central Eagles,North Carolina Central,North Carolina Central,North Carolina Central
2024 North Carolina,2024,North Carolina,ACC,,North Carolina Tar Heels,North Carolina,North Carolina,North Carolina
2024 North Dakota,2024,North Dakota,Summit,,North Dakota Fighting Hawks,North Dakota,North Dakota,North Dakota
2024 North Dakota St.,2024,North Dakota St.,Summit,,North Dakota State Bison,North Dakota St.,North Dakota State,North Dakota St.
2024 North Florida,2024,North Florida,ASUN,,North Florida Ospreys,North Florida,North Florida,North Florida
2024 North Texas,2024,North Texas,AAC,,North Texas Mean Green,North Texas,North Texas,North Texas
2024 Northeastern,2024,Northeastern,CAA,,Northeastern Huskies,Northeastern,Northeastern,Northeastern
2024 Northern Arizona,2024,Northern Arizona,Big Sky,,Northern Arizona Lumberjacks,Northern Arizona,Northern Arizona,Northern Arizona
2024 Northern Colorado,2024,Northern Colorado,Big Sky,,Northern Colorado Bears,Northern Colorado,Northern Colorado,Northern Colorado
2024 Northern Illinois,2024,Northern Illinois,MAC,,Northern Illinois Huskies,Northern Illinois,Northern Illinois,Northern Illinois
2024 Northern Iowa,2024,Northern Iowa,MVC,,Northern Iowa Panthers,Northern Iowa,Northern Iowa,Northern Iowa
2024 Northern Kentucky,2024,Northern Kentucky,Horizon,,Northern Kentucky Norse,Northern Kentucky,Northern Kentucky,Northern Kentucky
2024 Northwestern St.,2024,Northwestern St.,Southland,,Northwestern State Demons,Northwestern St.,Northwestern State,Northwestern St.
2024 Northwestern,2024,Northwestern,Big 10,,Northwestern Wildcats,Northwestern,Northwestern,Northwestern
2024 Notre Dame,2024,Notre Dame,ACC,,Notre Dame Fighting Irish,Notre Dame,Notre Dame,Notre Dame
2024 Oakland,2024,Oakland,Horizon,,Oakland Golden Grizzlies,Oakland,Oakland,Oakland
2024 Ohio,2024,Ohio,MAC,,Ohio Bobcats,Ohio,Ohio,Ohio
2024 Ohio St.,2024,Ohio St.,Big 10,,Ohio State Buckeyes,Ohio St.,Ohio State,Ohio St.
2024 Oklahoma,2024,Oklahoma,Big 12,,Oklahoma Sooners,Oklahoma,Oklahoma,Oklahoma
2024 Oklahoma St.,2024,Oklahoma St.,Big 12,,Oklahoma State Cowboys,Oklahoma St.,Oklahoma State,Oklahoma St.
2024 Old Dominion,2024,Old Dominion,Sun Belt,,Old Dominion Monarchs,Old Dominion,Old Dominion,Old Dominion
2024 Mississippi,2024,Mississippi,SEC,,Ole Miss Rebels,Mississippi,Ole Miss,Mississippi
2024 Nebraska Omaha,2024,Nebraska Omaha,Summit,,Omaha Mavericks,Nebraska Omaha,Omaha,Nebraska Omaha
2024 Oral Roberts,2024,Oral Roberts,Summit,,Oral Roberts Golden Eagles,Oral Roberts,Oral Roberts,Oral Roberts
2024 Oregon,2024,Oregon,Pac 12,,Oregon Ducks,Oregon,Oregon,Oregon
2024 Oregon St.,2024,Oregon St.,Pac 12,,Oregon State Beavers,Oregon St.,Oregon State,Oregon St.
2024 Pacific,2024,Pacific,WCC,,Pacific Tigers,Pacific,Pacific,Pacific
2024 Penn St.,2024,Penn St.,Big 10,,Penn State Nittany Lions,Penn St.,Penn State,Penn St.
2024 Penn,2024,Penn,Ivy,,Pennsylvania Quakers,Penn,Penn,Penn
2024 Pepperdine,2024,Pepperdine,WCC,,Pepperdine Waves,Pepperdine,Pepperdine,Pepperdine
2024 Pittsburgh,2024,Pittsburgh,ACC,,Pittsburgh Panthers,Pittsburgh,Pittsburgh,Pittsburgh
2024 Portland,2024,Portland,WCC,,Portland Pilots,Portland,Portland,Portland
2024 Portland St.,2024,Portland St.,Big Sky,,Portland State Vikings,Portland St.,Portland State,Portland St.
2024 Prairie View A&M,2024,Prairie View A&M,SWAC,,Prairie View A&M Panthers,Prairie View A&M,Prairie View,Prairie View A&M
2024 Presbyterian,2024,Presbyterian,Big South,,Presbyterian Blue Hose,Presbyterian,Presbyterian,Presbyterian
2024 Princeton,2024,Princeton,Ivy,,Princeton Tigers,Princeton,Princeton,Princeton
2024 Providence,2024,Providence,Big East,,Providence Friars,Providence,Providence,Providence
2024 Purdue,2024,Purdue,Big 10,,Purdue Boilermakers,Purdue,Purdue,Purdue
2024 Purdue Fort Wayne,2024,Purdue Fort Wayne,Horizon,,Purdue Fort Wayne Mastodons,Purdue Fort Wayne,Fort Wayne,Fort Wayne
2024 Queens,2024,Queens,ASUN,,Queens University Royals,Queens,Queens,Queens
2024 Quinnipiac,2024,Quinnipiac,MAAC,,Quinnipiac Bobcats,Quinnipiac,Quinnipiac,Quinnipiac
2024 Radford,2024,Radford,Big South,,Radford Highlanders,Radford,Radford,Radford
2024 Rhode Island,2024,Rhode Island,A10,,Rhode Island Rams,Rhode Island,Rhode Island,Rhode Island
2024 Rice,2024,Rice,AAC,,Rice Owls,Rice,Rice,Rice
2024 Richmond,2024,Richmond,A10,,Richmond Spiders,Richmond,Richmond,Richmond
2024 Rider,2024,Rider,MAAC,,Rider Broncs,Rider,Rider,Rider
2024 Robert Morris,2024,Robert Morris,Horizon,,Robert Morris Colonials,Robert Morris,Robert Morris,Robert Morris
2024 Rutgers,2024,Rutgers,Big 10,,Rutgers Scarlet Knights,Rutgers,Rutgers,Rutgers
2024 Sacramento St.,2024,Sacramento St.,Big Sky,,Sacramento State Hornets,Sacramento St.,Sacramento State,Sacramento St.
2024 Sacred Heart,2024,Sacred Heart,NEC,,Sacred Heart Pioneers,Sacred Heart,Sacred Heart,Sacred Heart
2024 Saint Joseph's,2024,Saint Joseph's,A10,,Saint Joseph's Hawks,Saint Joseph's,Saint Joseph's,Saint Joseph's
2024 Saint Louis,2024,Saint Louis,A10,,Saint Louis Billikens,Saint Louis,Saint Louis,Saint Louis
2024 Saint Mary's,2024,Saint Mary's,WCC,,Saint Mary's Gaels,Saint Mary's,Saint Mary's,Saint Mary's
2024 Saint Peter's,2024,Saint Peter's,MAAC,,Saint Peter's Peacocks,Saint Peter's,Saint Peter's,Saint Peter's
2024 Sam Houston St.,2024,Sam Houston St.,CUSA,,Sam Houston Bearkats,Sam Houston St.,Sam Houston State,Sam Houston St.
2024 Samford,2024,Samford,Southern,,Samford Bulldogs,Samford,Samford,Samford
2024 San Diego St.,2024,San Diego St.,MWC,,San Diego State Aztecs,San Diego St.,San Diego State,San Diego St.
2024 San Diego,2024,San Diego,WCC,,San Diego Toreros,San Diego,San Diego,San Diego
2024 San Francisco,2024,San Francisco,WCC,,San Francisco Dons,San Francisco,San Francisco,San Francisco
2024 San Jose St.,2024,San Jose St.,MWC,,San José State Spartans,San Jose St.,San Jose State,San Jose St.
2024 Santa Clara,2024,Santa Clara,WCC,,Santa Clara Broncos,Santa Clara,Santa Clara,Santa Clara
2024 Southeastern Louisiana,2024,Southeastern Louisiana,Southland,,SE Louisiana Lions,Southeastern Louisiana,Southeastern Louisiana,Southeastern Louisiana
2024 Seattle,2024,Seattle,WAC,,Seattle U Redhawks,Seattle,Seattle,Seattle
2024 Seton Hall,2024,Seton Hall,Big East,,Seton Hall Pirates,Seton Hall,Seton Hall,Seton Hall
2024 Siena,2024,Siena,MAAC,,Siena Saints,Siena,Siena,Siena
2024 SIU Edwardsville,2024,SIU Edwardsville,OVC,,SIU Edwardsville Cougars,SIU Edwardsville,SIU Edwardsville,SIU Edwardsville
2024 SMU,2024,SMU,AAC,,SMU Mustangs,SMU,SMU,SMU
2024 South Alabama,2024,South Alabama,Sun Belt,,South Alabama Jaguars,South Alabama,South Alabama,South Alabama
2024 South Carolina,2024,South Carolina,SEC,,South Carolina Gamecocks,South Carolina,South Carolina,South Carolina
2024 South Carolina St.,2024,South Carolina St.,MEAC,,South Carolina State Bulldogs,South Carolina St.,South Carolina State,South Carolina St.
2024 USC Upstate,2024,USC Upstate,Big South,,South Carolina Upstate Spartans,USC Upstate,South Carolina Upstate,USC Upstate
2024 South Dakota,2024,South Dakota,Summit,,South Dakota Coyotes,South Dakota,South Dakota,South Dakota
2024 South Dakota St.,2024,South Dakota St.,Summit,,South Dakota State Jackrabbits,South Dakota St.,South Dakota State,South Dakota St.
2024 South Florida,2024,South Florida,AAC,,South Florida Bulls,South Florida,South Florida,South Florida
2024 Southeast Missouri St.,2024,Southeast Missouri St.,OVC,,Southeast Missouri State Redhawks,Southeast Missouri St.,Southeast Missouri State,Southeast Missouri St.
2024 Southern Illinois,2024,Southern Illinois,MVC,,Southern Illinois Salukis,Southern Illinois,Southern Illinois,Southern Illinois
2024 Southern Indiana,2024,Southern Indiana,OVC,,Southern Indiana Screaming Eagles,Southern Indiana,Southern Indiana,Southern Indiana
2024 Southern,2024,Southern,SWAC,,Southern Jaguars,Southern,Southern,Southern
2024 Southern Miss,2024,Southern Miss,Sun Belt,,Southern Miss Golden Eagles,Southern Miss,Southern Mississippi,Southern Miss
2024 Southern Utah,2024,Southern Utah,WAC,,Southern Utah Thunderbirds,Southern Utah,Southern Utah,Southern Utah
2024 St. Bonaventure,2024,St. Bonaventure,A10,,St. Bonaventure Bonnies,St. Bonaventure,Saint Bonaventure,St. Bonaventure
2024 Saint Francis,2024,Saint Francis,NEC,,St. Francis (PA) Red Flash,Saint Francis,Saint Francis (PA),St. Francis PA
2024 St. John's,2024,St. John's,Big East,,St. John's Red Storm,St. John's,Saint John's,St. John's
2024 St. Thomas,2024,St. Thomas,Summit,,St. Thomas-Minnesota Tommies,St. Thomas,Saint Thomas (Minn.),St. Thomas
2024 Stanford,2024,Stanford,Pac 12,,Stanford Cardinal,Stanford,Stanford,Stanford
2024 Stephen F. Austin,2024,Stephen F. Austin,WAC,,Stephen F. Austin Lumberjacks,Stephen F. Austin,Stephen F. Austin,Stephen F. Austin
2024 Stetson,2024,Stetson,ASUN,,Stetson Hatters,Stetson,Stetson,Stetson
2024 Stonehill,2024,Stonehill,NEC,,Stonehill Skyhawks,Stonehill,Stonehill,Stonehill
2024 Stony Brook,2024,Stony Brook,CAA,,Stony Brook Seawolves,Stony Brook,Stony Brook,Stony Brook
2024 Syracuse,2024,Syracuse,ACC,,Syracuse Orange,Syracuse,Syracuse,Syracuse
2024 Tarleton St.,2024,Tarleton St.,WAC,,Tarleton State Texans,Tarleton St.,Tarleton State,Tarleton St.
2024 TCU,2024,TCU,Big 12,,TCU Horned Frogs,TCU,TCU,TCU
2024 Temple,2024,Temple,AAC,,Temple Owls,Temple,Temple,Temple
2024 Tennessee St.,2024,Tennessee St.,OVC,,Tennessee State Tigers,Tennessee St.,Tennessee State,Tennessee St.
2024 Tennessee Tech,2024,Tennessee Tech,OVC,,Tennessee Tech Golden Eagles,Tennessee Tech,Tennessee Tech,Tennessee Tech
2024 Tennessee,2024,Tennessee,SEC,,Tennessee Volunteers,Tennessee,Tennessee,Tennessee
2024 Texas A&M,2024,Texas A&M,SEC,,Texas A&M Aggies,Texas A&M,Texas A&M,Texas A&M
2024 Texas A&M Commerce,2024,Texas A&M Commerce,Southland,,Texas A&M-Commerce Lions,Texas A&M Commerce,Texas A&M-Commerce,Texas A&M Commerce
2024 Texas A&M Corpus Chris,2024,Texas A&M Corpus Chris,Southland,,Texas A&M-Corpus Christi Islanders,Texas A&M Corpus Chris,Texas A&M-Corpus Christi,Texas A&M Corpus Chris
2024 Texas,2024,Texas,Big 12,,Texas Longhorns,Texas,Texas,Texas
2024 Texas Southern,2024,Texas Southern,SWAC,,Texas Southern Tigers,Texas Southern,Texas Southern,Texas Southern
2024 Texas St.,2024,Texas St.,Sun Belt,,Texas State Bobcats,Texas St.,Texas State,Texas St.
2024 Texas Tech,2024,Texas Tech,Big 12,,Texas Tech Red Raiders,Texas Tech,Texas Tech,Texas Tech
2024 The Citadel,2024,The Citadel,Southern,,The Citadel Bulldogs,The Citadel,The Citadel,The Citadel
2024 Toledo,2024,Toledo,MAC,,Toledo Rockets,Toledo,Toledo,Toledo
2024 Towson,2024,Towson,CAA,,Towson Tigers,Towson,Towson,Towson
2024 Troy,2024,Troy,Sun Belt,,Troy Trojans,Troy,Troy,Troy
2024 Tulane,2024,Tulane,AAC,,Tulane Green Wave,Tulane,Tulane,Tulane
2024 Tulsa,2024,Tulsa,AAC,,Tulsa Golden Hurricane,Tulsa,Tulsa,Tulsa
2024 UAB,2024,UAB,AAC,,UAB Blazers,UAB,UAB,UAB
2024 Albany,2024,Albany,America East,,UAlbany Great Danes,Albany,Albany,Albany
2024 UC Davis,2024,UC Davis,Big West,,UC Davis Aggies,UC Davis,UC Davis,UC Davis
2024 UC Irvine,2024,UC Irvine,Big West,,UC Irvine Anteaters,UC Irvine,UC Irvine,UC Irvine
2024 UC Riverside,2024,UC Riverside,Big West,,UC Riverside Highlanders,UC Riverside,UC Riverside,UC Riverside
2024 UC San Diego,2024,UC San Diego,Big West,,UC San Diego Tritons,UC San Diego,UC San Diego,UC San Diego
2024 UC Santa Barbara,2024,UC Santa Barbara,Big West,,UC Santa Barbara Gauchos,UC Santa Barbara,UC Santa Barbara,UC Santa Barbara
2024 UCF,2024,UCF,Big 12,,UCF Knights,UCF,UCF,UCF
2024 UCLA,2024,UCLA,Pac 12,,UCLA Bruins,UCLA,UCLA,UCLA
2024 Connecticut,2024,Connecticut,Big East,,UConn Huskies,Connecticut,Connecticut,Connecticut
2024 Illinois Chicago,2024,Illinois Chicago,MVC,,UIC Flames,Illinois Chicago,Illinois-Chicago,Illinois Chicago
2024 Louisiana Monroe,2024,Louisiana Monroe,Sun Belt,,UL Monroe Warhawks,Louisiana Monroe,Louisiana-Monroe,Louisiana Monroe
2024 UMass Lowell,2024,UMass Lowell,America East,,UMass Lowell River Hawks,UMass Lowell,UMass Lowell,UMass Lowell
2024 UMBC,2024,UMBC,America East,,UMBC Retrievers,UMBC,UMBC,UMBC
2024 UNC Asheville,2024,UNC Asheville,Big South,,UNC Asheville Bulldogs,UNC Asheville,UNC Asheville,UNC Asheville
2024 UNC Greensboro,2024,UNC Greensboro,Southern,,UNC Greensboro Spartans,UNC Greensboro,UNC Greensboro,UNC Greensboro
2024 UNC Wilmington,2024,UNC Wilmington,CAA,,UNC Wilmington Seahawks,UNC Wilmington,UNC Wilmington,UNC Wilmington
2024 UNLV,2024,UNLV,MWC,,UNLV Rebels,UNLV,UNLV,UNLV
2024 USC,2024,USC,Pac 12,,USC Trojans,USC,USC,USC
2024 UT Arlington,2024,UT Arlington,WAC,,UT Arlington Mavericks,UT Arlington,UT Arlington,UT Arlington
2024 Tennessee Martin,2024,Tennessee Martin,OVC,,UT Martin Skyhawks,Tennessee Martin,Tennessee-Martin,Tennessee Martin
2024 UT Rio Grande Valley,2024,UT Rio Grande Valley,WAC,,UT Rio Grande Valley Vaqueros,UT Rio Grande Valley,Texas-Rio Grande Valley,UT Rio Grande Valley
2024 Utah St.,2024,Utah St.,MWC,,Utah State Aggies,Utah St.,Utah State,Utah St.
2024 Utah Tech,2024,Utah Tech,WAC,,Utah Tech Trailblazers,Utah Tech,Utah Tech,Utah Tech
2024 Utah,2024,Utah,Pac 12,,Utah Utes,Utah,Utah,Utah
2024 Utah Valley,2024,Utah Valley,WAC,,Utah Valley Wolverines,Utah Valley,Utah Valley,Utah Valley
2024 UTEP,2024,UTEP,CUSA,,UTEP Miners,UTEP,UTEP,UTEP
2024 UTSA,2024,UTSA,AAC,,UTSA Roadrunners,UTSA,UTSA,UTSA
2024 Valparaiso,2024,Valparaiso,MVC,,Valparaiso Beacons,Valparaiso,Valparaiso,Valparaiso
2024 Vanderbilt,2024,Vanderbilt,SEC,,Vanderbilt Commodores,Vanderbilt,Vanderbilt,Vanderbilt
2024 VCU,2024,VCU,A10,,VCU Rams,VCU,VCU,VCU
2024 Vermont,2024,Vermont,America East,,Vermont Catamounts,Vermont,Vermont,Vermont
2024 Villanova,2024,Villanova,Big East,,Villanova Wildcats,Villanova,Villanova,Villanova
2024 Virginia,2024,Virginia,ACC,,Virginia Cavaliers,Virginia,Virginia,Virginia
2024 Virginia Tech,2024,Virginia Tech,ACC,,Virginia Tech Hokies,Virginia Tech,Virginia Tech,Virginia Tech
2024 VMI,2024,VMI,Southern,,VMI Keydets,VMI,VMI,VMI
2024 Wagner,2024,Wagner,NEC,,Wagner Seahawks,Wagner,Wagner,Wagner
2024 Wake Forest,2024,Wake Forest,ACC,,Wake Forest Demon Deacons,Wake Forest,Wake Forest,Wake Forest
2024 Washington,2024,Washington,Pac 12,,Washington Huskies,Washington,Washington,Washington
2024 Washington St.,2024,Washington St.,Pac 12,,Washington State Cougars,Washington St.,Washington State,Washington St.
2024 Weber St.,2024,Weber St.,Big Sky,,Weber State Wildcats,Weber St.,Weber State,Weber St.
2024 West Virginia,2024,West Virginia,Big 12,,West Virginia Mountaineers,West Virginia,West Virginia,West Virginia
2024 Western Carolina,2024,Western Carolina,Southern,,Western Carolina Catamounts,Western Carolina,Western Carolina,Western Carolina
2024 Western Illinois,2024,Western Illinois,OVC,,Western Illinois Leathernecks,Western Illinois,Western Illinois,Western Illinois
2024 Western Kentucky,2024,Western Kentucky,CUSA,,Western Kentucky Hilltoppers,Western Kentucky,Western Kentucky,Western Kentucky
2024 Western Michigan,2024,Western Michigan,MAC,,Western Michigan Broncos,Western Michigan,Western Michigan,Western Michigan
2024 Wichita St.,2024,Wichita St.,AAC,,Wichita State Shockers,Wichita St.,Wichita State,Wichita St.
2024 William & Mary,2024,William & Mary,CAA,,William & Mary Tribe,William & Mary,William & Mary,William & Mary
2024 Winthrop,2024,Winthrop,Big South,,Winthrop Eagles,Winthrop,Winthrop,Winthrop
2024 Wisconsin,2024,Wisconsin,Big 10,,Wisconsin Badgers,Wisconsin,Wisconsin,Wisconsin
2024 Wofford,2024,Wofford,Southern,,Wofford Terriers,Wofford,Wofford,Wofford
2024 Wright St.,2024,Wright St.,Horizon,,Wright State Raiders,Wright St.,Wright State,Wright St.
2024 Wyoming,2024,Wyoming,MWC,,Wyoming Cowboys,Wyoming,Wyoming,Wyoming
2024 Xavier,2024,Xavier,Big East,,Xavier Musketeers,Xavier,Xavier,Xavier
2024 Yale,2024,Yale,Ivy,,Yale Bulldogs,Yale,Yale,Yale
2024 Youngstown St.,2024,Youngstown St.,Horizon,,Youngstown State Penguins,Youngstown St.,Youngstown State,Youngstown St.